Time, x, y, z, view_x, view_y, view_z
-1, -0.348, 1.900, 2.692, 0, 0, 0
-2, 2.652, 1.900, 3.692, 0, 0, 0
-3, -2.348, 1.900, 2.692, 0, 0, 0
-4, 2.652, 1.900, 2.692, 0, 0, 0
-5, 4.652, 1.900, 2.692, 0, 0, 0
0.000, -2.718, 1.087, -1.419, 0.962, 0.000, -0.274
0.042, -2.718, 1.087, -1.419, 0.962, 0.000, -0.274
0.083, -2.718, 1.087, -1.419, 0.962, -0.000, -0.274
0.125, -2.717, 1.087, -1.419, 0.962, 0.000, -0.274
0.167, -2.717, 1.087, -1.419, 0.962, 0.000, -0.274
0.208, -2.717, 1.087, -1.419, 0.962, 0.000, -0.274
0.250, -2.716, 1.087, -1.419, 0.962, 0.000, -0.273
0.292, -2.716, 1.087, -1.419, 0.962, -0.000, -0.273
0.333, -2.715, 1.087, -1.419, 0.962, 0.000, -0.273
0.375, -2.715, 1.087, -1.419, 0.962, -0.000, -0.273
0.417, -2.714, 1.087, -1.420, 0.962, 0.000, -0.273
0.458, -2.713, 1.087, -1.420, 0.962, -0.000, -0.273
0.500, -2.712, 1.087, -1.420, 0.962, 0.000, -0.273
0.542, -2.711, 1.087, -1.420, 0.962, 0.000, -0.273
0.583, -2.710, 1.087, -1.421, 0.962, -0.000, -0.273
0.625, -2.709, 1.087, -1.421, 0.962, 0.000, -0.273
0.667, -2.708, 1.087, -1.421, 0.962, 0.000, -0.273
0.708, -2.707, 1.087, -1.421, 0.962, 0.000, -0.273
0.750, -2.706, 1.087, -1.422, 0.962, 0.000, -0.272
0.792, -2.704, 1.087, -1.422, 0.962, 0.000, -0.272
0.833, -2.703, 1.087, -1.423, 0.962, -0.000, -0.272
0.875, -2.701, 1.087, -1.423, 0.962, 0.000, -0.272
0.917, -2.700, 1.087, -1.423, 0.962, -0.000, -0.272
0.958, -2.698, 1.087, -1.424, 0.962, 0.000, -0.272
1.000, -2.696, 1.087, -1.424, 0.962, -0.000, -0.271
1.042, -2.694, 1.087, -1.425, 0.962, -0.000, -0.271
1.083, -2.693, 1.087, -1.425, 0.963, 0.000, -0.271
1.125, -2.691, 1.087, -1.426, 0.963, 0.000, -0.271
1.167, -2.689, 1.087, -1.426, 0.963, -0.000, -0.271
1.208, -2.687, 1.087, -1.427, 0.963, 0.000, -0.271
1.250, -2.684, 1.087, -1.428, 0.963, -0.000, -0.270
1.292, -2.682, 1.087, -1.428, 0.963, 0.000, -0.270
1.333, -2.680, 1.087, -1.429, 0.963, 0.000, -0.270
1.375, -2.677, 1.087, -1.429, 0.963, 0.000, -0.270
1.417, -2.675, 1.087, -1.430, 0.963, 0.000, -0.269
1.458, -2.673, 1.087, -1.431, 0.963, 0.000, -0.269
1.500, -2.670, 1.087, -1.431, 0.963, 0.000, -0.269
1.542, -2.667, 1.087, -1.432, 0.963, 0.000, -0.269
1.583, -2.665, 1.087, -1.433, 0.963, 0.000, -0.268
1.625, -2.662, 1.087, -1.434, 0.963, -0.000, -0.268
1.667, -2.659, 1.087, -1.434, 0.963, 0.000, -0.268
1.708, -2.656, 1.087, -1.435, 0.964, 0.000, -0.268
1.750, -2.653, 1.087, -1.436, 0.964, 0.000, -0.267
1.792, -2.650, 1.087, -1.437, 0.964, -0.000, -0.267
1.833, -2.647, 1.087, -1.438, 0.964, 0.000, -0.267
1.875, -2.644, 1.087, -1.438, 0.964, -0.000, -0.266
1.917, -2.641, 1.087, -1.439, 0.964, 0.000, -0.266
1.958, -2.638, 1.087, -1.440, 0.964, 0.000, -0.266
2.000, -2.634, 1.087, -1.441, 0.964, 0.000, -0.265
2.042, -2.631, 1.087, -1.442, 0.964, 0.000, -0.265
2.083, -2.627, 1.087, -1.443, 0.964, -0.000, -0.265
2.125, -2.624, 1.087, -1.444, 0.964, 0.000, -0.264
2.167, -2.620, 1.087, -1.445, 0.965, 0.000, -0.264
2.208, -2.617, 1.087, -1.446, 0.965, 0.000, -0.264
2.250, -2.613, 1.087, -1.447, 0.965, -0.000, -0.263
2.292, -2.609, 1.087, -1.448, 0.965, -0.000, -0.263
2.333, -2.605, 1.087, -1.449, 0.965, 0.000, -0.262
2.375, -2.601, 1.087, -1.450, 0.965, 0.000, -0.262
2.417, -2.597, 1.087, -1.451, 0.965, -0.000, -0.262
2.458, -2.593, 1.087, -1.452, 0.965, 0.000, -0.261
2.500, -2.589, 1.087, -1.453, 0.965, 0.000, -0.261
2.542, -2.585, 1.087, -1.454, 0.965, -0.000, -0.260
2.583, -2.581, 1.087, -1.455, 0.966, 0.000, -0.260
2.625, -2.577, 1.087, -1.457, 0.966, 0.000, -0.260
2.667, -2.572, 1.087, -1.458, 0.966, -0.000, -0.259
2.708, -2.568, 1.087, -1.459, 0.966, 0.000, -0.259
2.750, -2.564, 1.087, -1.460, 0.966, -0.000, -0.258
2.792, -2.559, 1.087, -1.461, 0.966, 0.000, -0.258
2.833, -2.554, 1.087, -1.462, 0.966, 0.000, -0.257
2.875, -2.550, 1.087, -1.464, 0.966, 0.000, -0.257
2.917, -2.545, 1.087, -1.465, 0.967, -0.000, -0.256
2.958, -2.540, 1.087, -1.466, 0.967, 0.000, -0.256
3.000, -2.536, 1.087, -1.468, 0.967, 0.000, -0.256
3.042, -2.531, 1.087, -1.469, 0.967, 0.000, -0.255
3.083, -2.526, 1.087, -1.470, 0.967, -0.000, -0.255
3.125, -2.521, 1.087, -1.471, 0.967, 0.000, -0.254
3.167, -2.516, 1.087, -1.473, 0.967, 0.000, -0.254
3.208, -2.511, 1.087, -1.474, 0.967, -0.000, -0.253
3.250, -2.506, 1.087, -1.476, 0.968, 0.000, -0.253
3.292, -2.501, 1.087, -1.477, 0.968, 0.000, -0.252
3.333, -2.496, 1.087, -1.478, 0.968, 0.000, -0.252
3.375, -2.490, 1.087, -1.480, 0.968, 0.000, -0.251
3.417, -2.485, 1.087, -1.481, 0.968, -0.000, -0.250
3.458, -2.480, 1.087, -1.483, 0.968, 0.000, -0.250
3.500, -2.474, 1.087, -1.484, 0.968, -0.000, -0.249
3.542, -2.469, 1.087, -1.486, 0.969, -0.000, -0.249
3.583, -2.463, 1.087, -1.487, 0.969, 0.000, -0.248
3.625, -2.458, 1.087, -1.489, 0.969, 0.000, -0.248
3.667, -2.452, 1.087, -1.490, 0.969, -0.000, -0.247
3.708, -2.446, 1.087, -1.492, 0.969, -0.000, -0.247
3.750, -2.441, 1.087, -1.493, 0.969, 0.000, -0.246
3.792, -2.435, 1.087, -1.495, 0.969, 0.000, -0.245
3.833, -2.429, 1.087, -1.496, 0.970, 0.000, -0.245
3.875, -2.423, 1.087, -1.498, 0.970, 0.000, -0.244
3.917, -2.417, 1.087, -1.499, 0.970, -0.000, -0.243
3.958, -2.411, 1.087, -1.501, 0.970, -0.000, -0.243
4.000, -2.405, 1.087, -1.502, 0.970, 0.000, -0.242
4.042, -2.399, 1.087, -1.504, 0.971, 0.000, -0.241
4.083, -2.393, 1.087, -1.505, 0.971, -0.000, -0.240
4.125, -2.386, 1.087, -1.506, 0.971, 0.000, -0.239
4.167, -2.380, 1.087, -1.508, 0.971, 0.000, -0.239
4.208, -2.374, 1.087, -1.509, 0.971, 0.000, -0.238
4.250, -2.367, 1.087, -1.511, 0.972, 0.000, -0.237
4.292, -2.361, 1.087, -1.512, 0.972, -0.000, -0.236
4.333, -2.354, 1.087, -1.514, 0.972, -0.000, -0.235
4.375, -2.348, 1.087, -1.515, 0.972, 0.000, -0.234
4.417, -2.341, 1.087, -1.517, 0.972, 0.000, -0.234
4.458, -2.335, 1.087, -1.519, 0.973, 0.000, -0.233
4.500, -2.328, 1.087, -1.520, 0.973, 0.000, -0.232
4.542, -2.321, 1.087, -1.522, 0.973, 0.000, -0.231
4.583, -2.315, 1.087, -1.523, 0.973, 0.000, -0.230
4.625, -2.308, 1.087, -1.525, 0.973, -0.000, -0.229
4.667, -2.301, 1.087, -1.526, 0.974, -0.000, -0.228
4.708, -2.294, 1.087, -1.528, 0.974, 0.000, -0.227
4.750, -2.287, 1.087, -1.530, 0.974, 0.000, -0.227
4.792, -2.280, 1.087, -1.531, 0.974, 0.000, -0.226
4.833, -2.273, 1.087, -1.533, 0.974, 0.000, -0.225
4.875, -2.266, 1.087, -1.535, 0.975, 0.000, -0.224
4.917, -2.259, 1.087, -1.536, 0.975, 0.000, -0.223
4.958, -2.252, 1.087, -1.538, 0.975, 0.000, -0.222
5.000, -2.245, 1.087, -1.540, 0.975, 0.000, -0.221
5.042, -2.237, 1.087, -1.541, 0.975, 0.000, -0.220
5.083, -2.230, 1.087, -1.543, 0.976, -0.000, -0.219
5.125, -2.223, 1.087, -1.545, 0.976, -0.000, -0.218
5.167, -2.216, 1.087, -1.547, 0.976, 0.000, -0.217
5.208, -2.208, 1.087, -1.548, 0.976, 0.000, -0.216
5.250, -2.201, 1.087, -1.550, 0.977, 0.000, -0.215
5.292, -2.193, 1.087, -1.552, 0.977, 0.000, -0.214
5.333, -2.186, 1.087, -1.554, 0.977, 0.000, -0.213
5.375, -2.178, 1.087, -1.555, 0.977, 0.000, -0.212
5.417, -2.171, 1.087, -1.557, 0.977, 0.000, -0.211
5.458, -2.163, 1.087, -1.559, 0.978, 0.000, -0.210
5.500, -2.155, 1.087, -1.560, 0.978, 0.000, -0.209
5.542, -2.147, 1.087, -1.562, 0.978, -0.000, -0.207
5.583, -2.140, 1.087, -1.563, 0.979, 0.000, -0.206
5.625, -2.132, 1.087, -1.565, 0.979, -0.000, -0.205
5.667, -2.124, 1.087, -1.567, 0.979, 0.000, -0.203
5.708, -2.116, 1.087, -1.568, 0.979, 0.000, -0.202
5.750, -2.108, 1.087, -1.570, 0.980, 0.000, -0.201
5.792, -2.100, 1.087, -1.571, 0.980, 0.000, -0.199
5.833, -2.092, 1.087, -1.573, 0.980, 0.000, -0.198
5.875, -2.084, 1.087, -1.574, 0.981, -0.000, -0.196
5.917, -2.076, 1.087, -1.576, 0.981, 0.000, -0.195
5.958, -2.068, 1.087, -1.578, 0.981, 0.000, -0.194
6.000, -2.059, 1.087, -1.579, 0.981, 0.000, -0.192
6.042, -2.051, 1.087, -1.581, 0.982, 0.000, -0.191
6.083, -2.043, 1.087, -1.582, 0.982, -0.000, -0.189
6.125, -2.035, 1.087, -1.584, 0.982, 0.000, -0.188
6.167, -2.026, 1.087, -1.586, 0.982, 0.000, -0.186
6.208, -2.018, 1.087, -1.587, 0.983, 0.000, -0.185
6.250, -2.010, 1.087, -1.589, 0.983, 0.000, -0.183
6.292, -2.001, 1.087, -1.591, 0.983, 0.000, -0.182
6.333, -1.993, 1.087, -1.592, 0.984, -0.000, -0.181
6.375, -1.984, 1.087, -1.594, 0.984, 0.000, -0.179
6.417, -1.976, 1.087, -1.596, 0.984, 0.000, -0.178
6.458, -1.967, 1.087, -1.597, 0.984, 0.000, -0.176
6.500, -1.959, 1.087, -1.599, 0.985, 0.000, -0.175
6.542, -1.950, 1.087, -1.601, 0.985, -0.000, -0.173
6.583, -1.941, 1.087, -1.602, 0.985, 0.000, -0.172
6.625, -1.933, 1.087, -1.604, 0.985, 0.000, -0.170
6.667, -1.924, 1.087, -1.605, 0.986, 0.000, -0.168
6.708, -1.915, 1.087, -1.606, 0.986, 0.000, -0.166
6.750, -1.906, 1.087, -1.608, 0.987, 0.000, -0.164
6.792, -1.897, 1.087, -1.609, 0.987, 0.000, -0.162
6.833, -1.889, 1.087, -1.610, 0.987, -0.000, -0.159
6.875, -1.880, 1.087, -1.612, 0.988, 0.000, -0.157
6.917, -1.871, 1.087, -1.613, 0.988, 0.000, -0.155
6.958, -1.862, 1.087, -1.614, 0.988, 0.000, -0.153
7.000, -1.853, 1.087, -1.616, 0.989, 0.000, -0.151
7.042, -1.844, 1.087, -1.617, 0.989, 0.000, -0.149
7.083, -1.835, 1.087, -1.619, 0.989, 0.000, -0.147
7.125, -1.826, 1.087, -1.620, 0.989, 0.000, -0.145
7.167, -1.816, 1.087, -1.621, 0.990, 0.000, -0.143
7.208, -1.807, 1.087, -1.623, 0.990, 0.000, -0.140
7.250, -1.798, 1.087, -1.624, 0.990, 0.000, -0.138
7.292, -1.789, 1.087, -1.625, 0.991, 0.000, -0.136
7.333, -1.780, 1.087, -1.627, 0.991, 0.000, -0.134
7.375, -1.770, 1.087, -1.628, 0.991, 0.000, -0.132
7.417, -1.761, 1.087, -1.630, 0.992, -0.000, -0.130
7.458, -1.752, 1.087, -1.631, 0.992, 0.000, -0.128
7.500, -1.742, 1.087, -1.632, 0.992, 0.000, -0.125
7.542, -1.733, 1.087, -1.634, 0.992, 0.000, -0.123
7.583, -1.724, 1.087, -1.635, 0.993, -0.000, -0.120
7.625, -1.714, 1.087, -1.635, 0.993, -0.000, -0.117
7.667, -1.705, 1.087, -1.636, 0.993, 0.000, -0.114
7.708, -1.695, 1.087, -1.637, 0.994, -0.000, -0.111
7.750, -1.686, 1.087, -1.638, 0.994, 0.000, -0.108
7.792, -1.676, 1.087, -1.639, 0.994, -0.000, -0.105
7.833, -1.667, 1.087, -1.640, 0.995, -0.000, -0.102
7.875, -1.657, 1.087, -1.641, 0.995, -0.000, -0.099
7.917, -1.647, 1.087, -1.642, 0.995, -0.000, -0.096
7.958, -1.638, 1.087, -1.643, 0.996, -0.000, -0.093
8.000, -1.628, 1.087, -1.644, 0.996, 0.000, -0.090
8.042, -1.618, 1.087, -1.645, 0.996, 0.000, -0.087
8.083, -1.609, 1.087, -1.646, 0.996, -0.000, -0.084
8.125, -1.599, 1.087, -1.647, 0.997, 0.000, -0.081
8.167, -1.589, 1.087, -1.648, 0.997, 0.000, -0.078
8.208, -1.579, 1.087, -1.649, 0.997, 0.000, -0.075
8.250, -1.570, 1.087, -1.650, 0.997, -0.000, -0.072
8.292, -1.560, 1.087, -1.651, 0.998, -0.000, -0.068
8.333, -1.550, 1.087, -1.651, 0.998, -0.000, -0.064
8.375, -1.540, 1.087, -1.651, 0.998, -0.000, -0.060
8.417, -1.530, 1.087, -1.652, 0.998, -0.000, -0.056
8.458, -1.520, 1.087, -1.652, 0.999, -0.000, -0.052
8.500, -1.510, 1.087, -1.653, 0.999, 0.000, -0.048
8.542, -1.500, 1.087, -1.653, 0.999, -0.000, -0.044
8.583, -1.490, 1.087, -1.653, 0.999, -0.000, -0.039
8.625, -1.480, 1.087, -1.654, 0.999, -0.000, -0.035
8.667, -1.470, 1.087, -1.654, 1.000, -0.000, -0.031
8.708, -1.460, 1.087, -1.655, 1.000, -0.000, -0.027
8.750, -1.450, 1.087, -1.655, 1.000, -0.000, -0.023
8.792, -1.440, 1.087, -1.656, 1.000, -0.000, -0.019
8.833, -1.430, 1.087, -1.656, 1.000, -0.000, -0.015
8.875, -1.420, 1.087, -1.656, 1.000, -0.000, -0.010
8.917, -1.410, 1.087, -1.656, 1.000, -0.000, -0.006
8.958, -1.400, 1.087, -1.656, 1.000, -0.000, -0.000
9.000, -1.390, 1.087, -1.656, 1.000, -0.000, 0.005
9.042, -1.380, 1.087, -1.656, 1.000, -0.000, 0.011
9.083, -1.370, 1.087, -1.655, 1.000, -0.000, 0.016
9.125, -1.359, 1.087, -1.655, 1.000, -0.000, 0.022
9.167, -1.349, 1.087, -1.655, 1.000, -0.000, 0.027
9.208, -1.339, 1.087, -1.655, 0.999, -0.000, 0.033
9.250, -1.329, 1.087, -1.654, 0.999, -0.000, 0.038
9.292, -1.319, 1.087, -1.654, 0.999, -0.000, 0.044
9.333, -1.308, 1.087, -1.654, 0.999, 0.000, 0.049
9.375, -1.298, 1.087, -1.654, 0.998, 0.000, 0.055
9.417, -1.288, 1.087, -1.653, 0.998, 0.000, 0.060
9.458, -1.278, 1.087, -1.653, 0.998, 0.000, 0.067
9.500, -1.267, 1.087, -1.652, 0.997, 0.000, 0.074
9.542, -1.257, 1.087, -1.651, 0.997, 0.000, 0.081
9.583, -1.247, 1.087, -1.650, 0.996, 0.000, 0.088
9.625, -1.237, 1.087, -1.649, 0.995, 0.000, 0.096
9.667, -1.226, 1.087, -1.648, 0.995, -0.000, 0.103
9.708, -1.216, 1.087, -1.647, 0.994, -0.000, 0.110
9.750, -1.206, 1.087, -1.645, 0.993, -0.000, 0.117
9.792, -1.196, 1.087, -1.644, 0.992, 0.000, 0.124
9.833, -1.185, 1.087, -1.643, 0.991, -0.000, 0.131
9.875, -1.175, 1.087, -1.642, 0.990, 0.000, 0.138
9.917, -1.165, 1.087, -1.641, 0.989, 0.000, 0.147
9.958, -1.155, 1.087, -1.639, 0.988, -0.000, 0.155
10.000, -1.144, 1.087, -1.637, 0.986, -0.000, 0.164
10.042, -1.134, 1.087, -1.635, 0.985, 0.000, 0.173
10.083, -1.124, 1.087, -1.633, 0.983, 0.000, 0.182
10.125, -1.114, 1.087, -1.631, 0.982, 0.000, 0.191
10.167, -1.104, 1.087, -1.629, 0.980, 0.000, 0.200
10.208, -1.093, 1.087, -1.628, 0.978, 0.000, 0.208
10.250, -1.083, 1.087, -1.626, 0.976, 0.000, 0.217
10.292, -1.073, 1.087, -1.624, 0.974, 0.000, 0.226
10.333, -1.063, 1.087, -1.621, 0.972, -0.000, 0.237
10.375, -1.053, 1.087, -1.618, 0.969, 0.000, 0.247
10.417, -1.043, 1.087, -1.615, 0.966, -0.000, 0.258
10.458, -1.033, 1.087, -1.613, 0.963, -0.000, 0.268
10.500, -1.023, 1.087, -1.610, 0.960, -0.000, 0.278
10.542, -1.013, 1.087, -1.607, 0.957, -0.000, 0.289
10.583, -1.003, 1.087, -1.604, 0.954, -0.000, 0.299
10.625, -0.992, 1.087, -1.601, 0.951, -0.000, 0.309
10.667, -0.983, 1.087, -1.598, 0.947, -0.000, 0.321
10.708, -0.973, 1.087, -1.594, 0.943, -0.000, 0.332
10.750, -0.963, 1.087, -1.590, 0.939, -0.000, 0.344
10.792, -0.953, 1.087, -1.587, 0.935, -0.000, 0.356
10.833, -0.944, 1.087, -1.583, 0.930, -0.000, 0.367
10.875, -0.934, 1.087, -1.579, 0.926, -0.000, 0.379
10.917, -0.924, 1.087, -1.576, 0.921, -0.000, 0.390
10.958, -0.914, 1.087, -1.572, 0.916, -0.000, 0.401
11.000, -0.905, 1.087, -1.567, 0.910, 0.000, 0.414
11.042, -0.896, 1.087, -1.563, 0.905, 0.000, 0.426
11.083, -0.886, 1.087, -1.558, 0.899, 0.000, 0.438
11.125, -0.877, 1.087, -1.553, 0.893, 0.000, 0.450
11.167, -0.868, 1.087, -1.549, 0.887, 0.000, 0.462
11.208, -0.858, 1.087, -1.544, 0.881, 0.000, 0.474
11.250, -0.849, 1.087, -1.539, 0.874, 0.000, 0.486
11.292, -0.840, 1.087, -1.534, 0.867, 0.000, 0.498
11.333, -0.831, 1.087, -1.528, 0.860, 0.000, 0.510
11.375, -0.822, 1.087, -1.523, 0.853, 0.000, 0.522
11.417, -0.813, 1.087, -1.517, 0.846, 0.000, 0.534
11.458, -0.805, 1.087, -1.512, 0.838, 0.000, 0.545
11.500, -0.796, 1.087, -1.507, 0.831, 0.000, 0.557
11.542, -0.787, 1.087, -1.500, 0.823, -0.000, 0.568
11.583, -0.779, 1.087, -1.494, 0.815, -0.000, 0.579
11.625, -0.770, 1.087, -1.488, 0.807, -0.000, 0.590
11.667, -0.762, 1.087, -1.482, 0.799, -0.000, 0.601
11.708, -0.754, 1.087, -1.476, 0.791, -0.000, 0.612
11.750, -0.745, 1.087, -1.470, 0.783, -0.000, 0.623
11.792, -0.738, 1.087, -1.463, 0.774, -0.000, 0.633
11.833, -0.730, 1.087, -1.456, 0.766, -0.000, 0.643
11.875, -0.722, 1.087, -1.449, 0.758, 0.000, 0.652
11.917, -0.714, 1.087, -1.443, 0.749, 0.000, 0.662
11.958, -0.706, 1.087, -1.436, 0.741, 0.000, 0.672
12.000, -0.698, 1.087, -1.429, 0.733, 0.000, 0.681
12.042, -0.691, 1.087, -1.422, 0.724, 0.000, 0.689
12.083, -0.684, 1.087, -1.415, 0.716, 0.000, 0.698
12.125, -0.676, 1.087, -1.407, 0.708, 0.000, 0.707
12.167, -0.669, 1.087, -1.400, 0.699, 0.000, 0.715
12.208, -0.662, 1.087, -1.393, 0.691, 0.000, 0.723
12.250, -0.655, 1.087, -1.385, 0.683, 0.000, 0.731
12.292, -0.648, 1.087, -1.378, 0.675, 0.000, 0.738
12.333, -0.641, 1.087, -1.370, 0.666, 0.000, 0.746
12.375, -0.634, 1.087, -1.362, 0.658, -0.000, 0.753
12.417, -0.627, 1.087, -1.355, 0.650, -0.000, 0.760
12.458, -0.621, 1.087, -1.347, 0.642, -0.000, 0.767
12.500, -0.615, 1.087, -1.339, 0.633, -0.000, 0.774
12.542, -0.608, 1.087, -1.331, 0.625, -0.000, 0.780
12.583, -0.602, 1.087, -1.323, 0.617, -0.000, 0.787
12.625, -0.595, 1.087, -1.315, 0.609, -0.000, 0.794
12.667, -0.589, 1.087, -1.307, 0.600, -0.000, 0.800
12.708, -0.583, 1.087, -1.299, 0.592, -0.000, 0.806
12.750, -0.577, 1.087, -1.290, 0.583, -0.000, 0.812
12.792, -0.571, 1.087, -1.282, 0.575, 0.000, 0.818
12.833, -0.566, 1.087, -1.274, 0.566, 0.000, 0.824
12.875, -0.560, 1.087, -1.266, 0.558, 0.000, 0.830
12.917, -0.555, 1.087, -1.257, 0.549, 0.000, 0.836
12.958, -0.549, 1.087, -1.249, 0.540, -0.000, 0.842
13.000, -0.544, 1.087, -1.240, 0.531, -0.000, 0.847
13.042, -0.538, 1.087, -1.232, 0.523, 0.000, 0.853
13.083, -0.533, 1.087, -1.223, 0.514, -0.000, 0.858
13.125, -0.528, 1.087, -1.215, 0.505, 0.000, 0.863
13.167, -0.523, 1.087, -1.206, 0.496, 0.000, 0.868
13.208, -0.518, 1.087, -1.197, 0.487, 0.000, 0.873
13.250, -0.513, 1.087, -1.189, 0.478, 0.000, 0.878
13.292, -0.509, 1.087, -1.180, 0.469, -0.000, 0.883
13.333, -0.504, 1.087, -1.171, 0.460, -0.000, 0.888
13.375, -0.500, 1.087, -1.162, 0.451, -0.000, 0.893
13.417, -0.495, 1.087, -1.153, 0.442, -0.000, 0.897
13.458, -0.491, 1.087, -1.145, 0.433, -0.000, 0.902
13.500, -0.487, 1.087, -1.136, 0.424, -0.000, 0.906
13.542, -0.483, 1.087, -1.127, 0.414, -0.000, 0.910
13.583, -0.479, 1.087, -1.118, 0.405, -0.000, 0.914
13.625, -0.475, 1.087, -1.109, 0.396, 0.000, 0.918
13.667, -0.471, 1.087, -1.100, 0.387, 0.000, 0.922
13.708, -0.467, 1.087, -1.091, 0.378, 0.000, 0.926
13.750, -0.463, 1.087, -1.082, 0.369, 0.000, 0.929
13.792, -0.460, 1.087, -1.073, 0.360, 0.000, 0.933
13.833, -0.457, 1.087, -1.064, 0.351, 0.000, 0.937
13.875, -0.453, 1.087, -1.055, 0.342, 0.000, 0.940
13.917, -0.450, 1.087, -1.046, 0.332, 0.000, 0.943
13.958, -0.447, 1.087, -1.037, 0.323, -0.000, 0.946
14.000, -0.444, 1.087, -1.028, 0.314, -0.000, 0.949
14.042, -0.441, 1.087, -1.018, 0.305, -0.000, 0.952
14.083, -0.438, 1.087, -1.009, 0.296, -0.000, 0.955
14.125, -0.435, 1.087, -1.000, 0.287, -0.000, 0.958
14.167, -0.433, 1.087, -0.991, 0.278, 0.000, 0.961
14.208, -0.430, 1.087, -0.982, 0.269, 0.000, 0.963
14.250, -0.427, 1.087, -0.973, 0.260, 0.000, 0.966
14.292, -0.425, 1.087, -0.964, 0.251, 0.000, 0.968
14.333, -0.423, 1.087, -0.955, 0.242, 0.000, 0.970
14.375, -0.420, 1.087, -0.946, 0.233, 0.000, 0.973
14.417, -0.418, 1.087, -0.937, 0.223, 0.000, 0.975
14.458, -0.416, 1.087, -0.927, 0.214, 0.000, 0.977
14.500, -0.414, 1.087, -0.918, 0.205, 0.000, 0.979
14.542, -0.412, 1.087, -0.909, 0.196, 0.000, 0.981
14.583, -0.411, 1.087, -0.900, 0.187, 0.000, 0.982
14.625, -0.409, 1.087, -0.891, 0.178, 0.000, 0.984
14.667, -0.407, 1.087, -0.882, 0.169, -0.000, 0.986
14.708, -0.406, 1.087, -0.873, 0.160, -0.000, 0.987
14.750, -0.405, 1.087, -0.864, 0.151, 0.000, 0.989
14.792, -0.403, 1.087, -0.855, 0.142, 0.000, 0.990
14.833, -0.402, 1.087, -0.846, 0.133, 0.000, 0.991
14.875, -0.401, 1.087, -0.837, 0.123, 0.000, 0.992
14.917, -0.400, 1.087, -0.828, 0.114, 0.000, 0.993
14.958, -0.399, 1.087, -0.819, 0.105, 0.000, 0.994
15.000, -0.398, 1.087, -0.810, 0.096, 0.000, 0.995
15.042, -0.397, 1.087, -0.802, 0.087, 0.000, 0.996
15.083, -0.396, 1.087, -0.793, 0.077, 0.000, 0.997
15.125, -0.396, 1.087, -0.784, 0.068, 0.000, 0.998
15.167, -0.395, 1.087, -0.775, 0.059, 0.000, 0.998
15.208, -0.395, 1.087, -0.766, 0.050, 0.000, 0.999
15.250, -0.394, 1.087, -0.758, 0.041, -0.000, 0.999
15.292, -0.394, 1.087, -0.749, 0.031, -0.000, 1.000
15.333, -0.394, 1.087, -0.740, 0.022, -0.000, 1.000
15.375, -0.394, 1.087, -0.732, 0.013, -0.000, 1.000
15.417, -0.393, 1.087, -0.723, 0.004, -0.000, 1.000
15.458, -0.393, 1.087, -0.714, -0.005, 0.000, 1.000
15.500, -0.394, 1.087, -0.706, -0.015, 0.000, 1.000
15.542, -0.394, 1.087, -0.697, -0.024, 0.000, 1.000
15.583, -0.394, 1.087, -0.689, -0.033, 0.000, 0.999
15.625, -0.394, 1.087, -0.680, -0.042, 0.000, 0.999
15.667, -0.395, 1.087, -0.672, -0.050, 0.000, 0.999
15.708, -0.395, 1.087, -0.664, -0.059, 0.000, 0.998
15.750, -0.396, 1.087, -0.655, -0.068, 0.000, 0.998
15.792, -0.396, 1.087, -0.647, -0.076, 0.000, 0.997
15.833, -0.397, 1.087, -0.639, -0.085, 0.000, 0.996
15.875, -0.398, 1.087, -0.631, -0.093, 0.000, 0.996
15.917, -0.398, 1.087, -0.622, -0.101, 0.000, 0.995
15.958, -0.399, 1.087, -0.614, -0.109, 0.000, 0.994
16.000, -0.400, 1.087, -0.606, -0.116, 0.000, 0.993
16.042, -0.401, 1.087, -0.598, -0.123, 0.000, 0.992
16.083, -0.402, 1.087, -0.590, -0.131, 0.000, 0.991
16.125, -0.403, 1.087, -0.582, -0.138, -0.000, 0.990
16.167, -0.404, 1.087, -0.574, -0.144, -0.000, 0.990
16.208, -0.406, 1.087, -0.567, -0.150, -0.000, 0.989
16.250, -0.407, 1.087, -0.559, -0.157, -0.000, 0.988
16.292, -0.408, 1.087, -0.551, -0.163, -0.000, 0.987
16.333, -0.409, 1.087, -0.543, -0.168, -0.000, 0.986
16.375, -0.411, 1.087, -0.536, -0.174, -0.000, 0.985
16.417, -0.412, 1.087, -0.528, -0.179, -0.000, 0.984
16.458, -0.413, 1.087, -0.520, -0.184, -0.000, 0.983
16.500, -0.415, 1.087, -0.513, -0.188, -0.000, 0.982
16.542, -0.416, 1.087, -0.505, -0.193, -0.000, 0.981
16.583, -0.418, 1.087, -0.498, -0.197, -0.000, 0.980
16.625, -0.419, 1.087, -0.491, -0.201, -0.000, 0.980
16.667, -0.421, 1.087, -0.483, -0.205, -0.000, 0.979
16.708, -0.422, 1.087, -0.476, -0.209, -0.000, 0.978
16.750, -0.424, 1.087, -0.469, -0.212, -0.000, 0.977
16.792, -0.426, 1.087, -0.462, -0.215, -0.000, 0.977
16.833, -0.427, 1.087, -0.455, -0.218, -0.000, 0.976
16.875, -0.429, 1.087, -0.447, -0.221, -0.000, 0.975
16.917, -0.430, 1.087, -0.440, -0.223, -0.000, 0.975
16.958, -0.432, 1.087, -0.433, -0.225, -0.000, 0.974
17.000, -0.434, 1.087, -0.427, -0.228, -0.000, 0.974
17.042, -0.435, 1.087, -0.420, -0.230, -0.000, 0.973
17.083, -0.437, 1.087, -0.413, -0.232, -0.000, 0.973
17.125, -0.438, 1.087, -0.406, -0.233, -0.000, 0.972
17.167, -0.440, 1.087, -0.399, -0.235, -0.000, 0.972
17.208, -0.442, 1.087, -0.393, -0.236, -0.000, 0.972
17.250, -0.443, 1.087, -0.386, -0.237, -0.000, 0.971
17.292, -0.445, 1.087, -0.379, -0.238, 0.000, 0.971
17.333, -0.447, 1.087, -0.373, -0.239, 0.000, 0.971
17.375, -0.448, 1.087, -0.366, -0.239, 0.000, 0.971
17.417, -0.450, 1.087, -0.360, -0.240, 0.000, 0.971
17.458, -0.451, 1.087, -0.353, -0.240, 0.000, 0.971
17.500, -0.453, 1.087, -0.347, -0.241, 0.000, 0.971
17.542, -0.455, 1.087, -0.341, -0.241, 0.000, 0.971
17.583, -0.456, 1.087, -0.334, -0.240, 0.000, 0.971
17.625, -0.458, 1.087, -0.328, -0.240, 0.000, 0.971
17.667, -0.459, 1.087, -0.322, -0.240, 0.000, 0.971
17.708, -0.461, 1.087, -0.316, -0.239, 0.000, 0.971
17.750, -0.462, 1.087, -0.310, -0.239, 0.000, 0.971
17.792, -0.464, 1.087, -0.304, -0.238, -0.000, 0.971
17.833, -0.465, 1.087, -0.298, -0.237, -0.000, 0.971
17.875, -0.467, 1.087, -0.292, -0.236, -0.000, 0.972
17.917, -0.468, 1.087, -0.286, -0.235, -0.000, 0.972
17.958, -0.469, 1.087, -0.280, -0.234, -0.000, 0.972
18.000, -0.471, 1.087, -0.274, -0.233, -0.000, 0.973
18.042, -0.472, 1.087, -0.269, -0.231, -0.000, 0.973
18.083, -0.474, 1.087, -0.263, -0.229, -0.000, 0.973
18.125, -0.475, 1.087, -0.257, -0.227, -0.000, 0.974
18.167, -0.476, 1.087, -0.252, -0.226, -0.000, 0.974
18.208, -0.478, 1.087, -0.246, -0.224, -0.000, 0.975
18.250, -0.479, 1.087, -0.241, -0.222, -0.000, 0.975
18.292, -0.480, 1.087, -0.235, -0.220, -0.000, 0.975
18.333, -0.481, 1.087, -0.230, -0.218, -0.000, 0.976
18.375, -0.482, 1.087, -0.224, -0.215, -0.000, 0.977
18.417, -0.484, 1.087, -0.219, -0.212, -0.000, 0.977
18.458, -0.485, 1.087, -0.214, -0.210, -0.000, 0.978
18.500, -0.486, 1.087, -0.209, -0.207, -0.000, 0.978
18.542, -0.487, 1.087, -0.204, -0.204, -0.000, 0.979
18.583, -0.488, 1.087, -0.198, -0.202, -0.000, 0.979
18.625, -0.489, 1.087, -0.193, -0.199, -0.000, 0.980
18.667, -0.490, 1.087, -0.188, -0.195, -0.000, 0.981
18.708, -0.491, 1.087, -0.183, -0.192, -0.000, 0.981
18.750, -0.492, 1.087, -0.178, -0.188, -0.000, 0.982
18.792, -0.493, 1.087, -0.174, -0.185, -0.000, 0.983
18.833, -0.494, 1.087, -0.169, -0.182, -0.000, 0.983
18.875, -0.495, 1.087, -0.164, -0.178, -0.000, 0.984
18.917, -0.496, 1.087, -0.159, -0.175, 0.000, 0.985
18.958, -0.496, 1.087, -0.155, -0.170, 0.000, 0.985
19.000, -0.497, 1.087, -0.150, -0.166, 0.000, 0.986
19.042, -0.498, 1.087, -0.145, -0.162, 0.000, 0.987
19.083, -0.499, 1.087, -0.141, -0.157, 0.000, 0.988
19.125, -0.499, 1.087, -0.136, -0.153, 0.000, 0.988
19.167, -0.500, 1.087, -0.131, -0.149, 0.000, 0.989
19.208, -0.501, 1.087, -0.127, -0.145, 0.000, 0.989
19.250, -0.502, 1.087, -0.123, -0.140, 0.000, 0.990
19.292, -0.502, 1.087, -0.118, -0.135, 0.000, 0.991
19.333, -0.503, 1.087, -0.114, -0.130, 0.000, 0.992
19.375, -0.503, 1.087, -0.109, -0.124, 0.000, 0.992
19.417, -0.504, 1.087, -0.105, -0.119, 0.000, 0.993
19.458, -0.504, 1.087, -0.101, -0.114, 0.000, 0.994
19.500, -0.505, 1.087, -0.096, -0.108, 0.000, 0.994
19.542, -0.505, 1.087, -0.092, -0.103, 0.000, 0.995
19.583, -0.506, 1.087, -0.088, -0.098, 0.000, 0.995
19.625, -0.506, 1.087, -0.084, -0.091, 0.000, 0.996
19.667, -0.507, 1.087, -0.079, -0.085, 0.000, 0.996
19.708, -0.507, 1.087, -0.075, -0.078, 0.000, 0.997
19.750, -0.507, 1.087, -0.071, -0.072, 0.000, 0.997
19.792, -0.507, 1.087, -0.067, -0.065, 0.000, 0.998
19.833, -0.508, 1.087, -0.063, -0.058, 0.000, 0.998
19.875, -0.508, 1.087, -0.059, -0.052, 0.000, 0.999
19.917, -0.508, 1.087, -0.055, -0.045, 0.000, 0.999
19.958, -0.509, 1.087, -0.051, -0.039, 0.000, 0.999
20.000, -0.509, 1.087, -0.047, -0.030, 0.000, 1.000
20.042, -0.509, 1.087, -0.043, -0.022, 0.000, 1.000
20.083, -0.509, 1.087, -0.039, -0.014, 0.000, 1.000
20.125, -0.509, 1.087, -0.035, -0.006, 0.000, 1.000
20.167, -0.509, 1.087, -0.031, 0.002, 0.000, 1.000
20.208, -0.509, 1.087, -0.027, 0.010, 0.000, 1.000
20.250, -0.509, 1.087, -0.023, 0.018, 0.000, 1.000
20.292, -0.509, 1.087, -0.019, 0.026, 0.000, 1.000
20.333, -0.509, 1.087, -0.015, 0.035, 0.000, 0.999
20.375, -0.508, 1.087, -0.011, 0.045, 0.000, 0.999
20.417, -0.508, 1.087, -0.008, 0.055, 0.000, 0.998
20.458, -0.508, 1.087, -0.004, 0.065, 0.000, 0.998
20.500, -0.508, 1.087, 0.000, 0.075, 0.000, 0.997
20.542, -0.507, 1.087, 0.004, 0.084, 0.000, 0.996
20.583, -0.507, 1.087, 0.008, 0.094, 0.000, 0.996
20.625, -0.507, 1.087, 0.011, 0.104, 0.000, 0.995
20.667, -0.507, 1.087, 0.015, 0.114, 0.000, 0.994
20.708, -0.506, 1.087, 0.019, 0.125, 0.000, 0.992
20.750, -0.505, 1.087, 0.023, 0.137, -0.000, 0.991
20.792, -0.505, 1.087, 0.027, 0.149, 0.000, 0.989
20.833, -0.504, 1.087, 0.030, 0.161, -0.000, 0.987
20.875, -0.504, 1.087, 0.034, 0.172, -0.000, 0.985
20.917, -0.503, 1.087, 0.038, 0.184, -0.000, 0.983
20.958, -0.502, 1.087, 0.041, 0.196, 0.000, 0.981
21.000, -0.502, 1.087, 0.045, 0.207, -0.000, 0.978
21.042, -0.501, 1.087, 0.049, 0.220, 0.000, 0.976
21.083, -0.500, 1.087, 0.053, 0.234, 0.000, 0.972
21.125, -0.499, 1.087, 0.056, 0.247, 0.000, 0.969
21.167, -0.498, 1.087, 0.060, 0.261, 0.000, 0.965
21.208, -0.497, 1.087, 0.064, 0.274, 0.000, 0.962
21.250, -0.496, 1.087, 0.067, 0.288, 0.000, 0.958
21.292, -0.495, 1.087, 0.071, 0.301, 0.000, 0.954
21.333, -0.494, 1.087, 0.075, 0.315, 0.000, 0.949
21.375, -0.493, 1.087, 0.078, 0.329, 0.000, 0.944
21.417, -0.491, 1.087, 0.082, 0.344, 0.000, 0.939
21.458, -0.490, 1.087, 0.085, 0.359, 0.000, 0.933
21.500, -0.488, 1.087, 0.089, 0.374, 0.000, 0.927
21.542, -0.487, 1.087, 0.093, 0.389, 0.000, 0.921
21.583, -0.485, 1.087, 0.096, 0.404, 0.000, 0.915
21.625, -0.484, 1.087, 0.100, 0.419, 0.000, 0.908
21.667, -0.482, 1.087, 0.103, 0.434, 0.000, 0.901
21.708, -0.481, 1.087, 0.107, 0.449, 0.000, 0.894
21.750, -0.479, 1.087, 0.110, 0.465, 0.000, 0.885
21.792, -0.477, 1.087, 0.114, 0.480, 0.000, 0.877
21.833, -0.475, 1.087, 0.117, 0.496, 0.000, 0.868
21.875, -0.473, 1.087, 0.121, 0.511, 0.000, 0.859
21.917, -0.471, 1.087, 0.124, 0.527, -0.000, 0.850
21.958, -0.469, 1.087, 0.128, 0.542, 0.000, 0.840
22.000, -0.467, 1.087, 0.131, 0.557, -0.000, 0.830
22.042, -0.464, 1.087, 0.135, 0.572, -0.000, 0.820
22.083, -0.462, 1.087, 0.138, 0.587, 0.000, 0.809
22.125, -0.459, 1.087, 0.141, 0.602, 0.000, 0.798
22.167, -0.456, 1.087, 0.144, 0.617, 0.000, 0.787
22.208, -0.454, 1.087, 0.148, 0.632, 0.000, 0.775
22.250, -0.451, 1.087, 0.151, 0.646, 0.000, 0.763
22.292, -0.449, 1.087, 0.154, 0.661, -0.000, 0.750
22.333, -0.446, 1.087, 0.157, 0.675, -0.000, 0.738
22.375, -0.443, 1.087, 0.161, 0.688, -0.000, 0.726
22.417, -0.440, 1.087, 0.164, 0.701, -0.000, 0.713
22.458, -0.436, 1.087, 0.167, 0.714, 0.000, 0.700
22.500, -0.433, 1.087, 0.170, 0.727, 0.000, 0.686
22.542, -0.430, 1.087, 0.173, 0.740, 0.000, 0.673
22.583, -0.427, 1.087, 0.176, 0.753, 0.000, 0.658
22.625, -0.423, 1.087, 0.179, 0.764, 0.000, 0.645
22.667, -0.420, 1.087, 0.182, 0.775, 0.000, 0.632
22.708, -0.416, 1.087, 0.184, 0.786, 0.000, 0.618
22.750, -0.412, 1.087, 0.187, 0.797, 0.000, 0.604
22.792, -0.409, 1.087, 0.190, 0.807, 0.000, 0.590
22.833, -0.405, 1.087, 0.193, 0.818, 0.000, 0.576
22.875, -0.401, 1.087, 0.196, 0.828, 0.000, 0.561
22.917, -0.397, 1.087, 0.198, 0.837, 0.000, 0.547
22.958, -0.393, 1.087, 0.201, 0.845, 0.000, 0.534
23.000, -0.389, 1.087, 0.203, 0.854, 0.000, 0.521
23.042, -0.385, 1.087, 0.206, 0.862, 0.000, 0.507
23.083, -0.380, 1.087, 0.208, 0.870, 0.000, 0.493
23.125, -0.376, 1.087, 0.211, 0.878, 0.000, 0.479
23.167, -0.372, 1.087, 0.213, 0.885, 0.000, 0.465
23.208, -0.367, 1.087, 0.216, 0.892, 0.000, 0.452
23.250, -0.362, 1.087, 0.218, 0.898, 0.000, 0.440
23.292, -0.358, 1.087, 0.220, 0.904, 0.000, 0.427
23.333, -0.353, 1.087, 0.222, 0.910, 0.000, 0.414
23.375, -0.348, 1.087, 0.224, 0.916, 0.000, 0.402
23.417, -0.343, 1.087, 0.226, 0.921, 0.000, 0.388
23.458, -0.338, 1.087, 0.229, 0.927, 0.000, 0.375
23.500, -0.333, 1.087, 0.231, 0.932, 0.000, 0.364
23.542, -0.328, 1.087, 0.232, 0.936, 0.000, 0.352
23.583, -0.322, 1.087, 0.234, 0.940, 0.000, 0.341
23.625, -0.317, 1.087, 0.236, 0.944, 0.000, 0.330
23.667, -0.312, 1.087, 0.238, 0.948, 0.000, 0.318
23.708, -0.306, 1.087, 0.240, 0.952, 0.000, 0.306
23.750, -0.301, 1.087, 0.242, 0.956, 0.000, 0.294
23.792, -0.295, 1.087, 0.243, 0.959, 0.000, 0.284
23.833, -0.289, 1.087, 0.245, 0.962, 0.000, 0.274
23.875, -0.284, 1.087, 0.246, 0.964, 0.000, 0.265
23.917, -0.278, 1.087, 0.248, 0.967, 0.000, 0.254
23.958, -0.272, 1.087, 0.249, 0.970, 0.000, 0.244
24.000, -0.266, 1.087, 0.251, 0.972, 0.000, 0.234
24.042, -0.260, 1.087, 0.253, 0.975, 0.000, 0.223
24.083, -0.254, 1.087, 0.254, 0.977, 0.000, 0.215
24.125, -0.247, 1.087, 0.255, 0.979, 0.000, 0.206
24.167, -0.241, 1.087, 0.256, 0.980, 0.000, 0.198
24.208, -0.235, 1.087, 0.258, 0.982, 0.000, 0.189
24.250, -0.228, 1.087, 0.259, 0.984, 0.000, 0.180
24.292, -0.222, 1.087, 0.260, 0.985, 0.000, 0.171
24.333, -0.215, 1.087, 0.261, 0.987, 0.000, 0.162
24.375, -0.208, 1.087, 0.262, 0.988, 0.000, 0.155
24.417, -0.201, 1.087, 0.263, 0.989, 0.000, 0.147
24.458, -0.194, 1.087, 0.264, 0.990, 0.000, 0.140
24.500, -0.188, 1.087, 0.265, 0.991, 0.000, 0.132
24.542, -0.180, 1.087, 0.266, 0.992, 0.000, 0.124
24.583, -0.173, 1.087, 0.267, 0.993, 0.000, 0.116
24.625, -0.166, 1.087, 0.268, 0.994, 0.000, 0.109
24.667, -0.159, 1.087, 0.269, 0.995, 0.000, 0.103
24.708, -0.151, 1.087, 0.269, 0.995, 0.000, 0.096
24.750, -0.144, 1.087, 0.270, 0.996, 0.000, 0.090
24.792, -0.136, 1.087, 0.270, 0.997, 0.000, 0.083
24.833, -0.129, 1.087, 0.271, 0.997, 0.000, 0.076
24.875, -0.121, 1.087, 0.272, 0.998, 0.000, 0.070
24.917, -0.113, 1.087, 0.272, 0.998, 0.000, 0.064
24.958, -0.105, 1.087, 0.273, 0.998, 0.000, 0.058
25.000, -0.097, 1.087, 0.273, 0.999, 0.000, 0.053
25.042, -0.089, 1.087, 0.273, 0.999, 0.000, 0.047
25.083, -0.081, 1.087, 0.274, 0.999, 0.000, 0.041
25.125, -0.073, 1.087, 0.274, 0.999, 0.000, 0.035
25.167, -0.064, 1.087, 0.275, 1.000, 0.000, 0.030
25.208, -0.056, 1.087, 0.275, 1.000, 0.000, 0.025
25.250, -0.048, 1.087, 0.275, 1.000, 0.000, 0.020
25.292, -0.039, 1.087, 0.275, 1.000, 0.000, 0.016
25.333, -0.030, 1.087, 0.275, 1.000, 0.000, 0.011
25.375, -0.022, 1.087, 0.275, 1.000, 0.000, 0.006
25.417, -0.013, 1.087, 0.275, 1.000, 0.000, 0.001
25.458, -0.004, 1.087, 0.275, 1.000, -0.000, -0.003
25.500, 0.005, 1.087, 0.275, 1.000, -0.000, -0.007
25.542, 0.014, 1.087, 0.275, 1.000, -0.000, -0.011
25.583, 0.023, 1.087, 0.275, 1.000, -0.000, -0.016
25.625, 0.032, 1.087, 0.275, 1.000, -0.000, -0.020
25.667, 0.042, 1.087, 0.275, 1.000, -0.000, -0.024
25.708, 0.051, 1.087, 0.274, 1.000, -0.000, -0.027
25.750, 0.060, 1.087, 0.274, 1.000, -0.000, -0.031
25.792, 0.070, 1.087, 0.274, 0.999, -0.000, -0.034
25.833, 0.079, 1.087, 0.273, 0.999, -0.000, -0.038
25.875, 0.089, 1.087, 0.273, 0.999, -0.000, -0.041
25.917, 0.098, 1.087, 0.273, 0.999, -0.000, -0.045
25.958, 0.108, 1.087, 0.272, 0.999, -0.000, -0.047
26.000, 0.118, 1.087, 0.272, 0.999, -0.000, -0.050
26.042, 0.128, 1.087, 0.271, 0.999, -0.000, -0.053
26.083, 0.138, 1.087, 0.270, 0.998, -0.000, -0.056
26.125, 0.148, 1.087, 0.270, 0.998, -0.000, -0.058
26.167, 0.158, 1.087, 0.269, 0.998, -0.000, -0.061
26.208, 0.168, 1.087, 0.269, 0.998, -0.000, -0.064
26.250, 0.178, 1.087, 0.268, 0.998, -0.000, -0.066
26.292, 0.188, 1.087, 0.267, 0.998, -0.000, -0.068
26.333, 0.198, 1.087, 0.267, 0.998, -0.000, -0.070
26.375, 0.209, 1.087, 0.266, 0.997, -0.000, -0.072
26.417, 0.219, 1.087, 0.265, 0.997, -0.000, -0.074
26.458, 0.229, 1.087, 0.264, 0.997, -0.000, -0.075
26.500, 0.240, 1.087, 0.264, 0.997, -0.000, -0.077
26.542, 0.250, 1.087, 0.263, 0.997, -0.000, -0.078
26.583, 0.261, 1.087, 0.262, 0.997, -0.000, -0.080
26.625, 0.272, 1.087, 0.261, 0.997, -0.000, -0.081
26.667, 0.282, 1.087, 0.260, 0.997, 0.000, -0.082
26.708, 0.293, 1.087, 0.259, 0.997, 0.000, -0.083
26.750, 0.304, 1.087, 0.258, 0.996, 0.000, -0.084
26.792, 0.315, 1.087, 0.257, 0.996, -0.000, -0.084
26.833, 0.326, 1.087, 0.256, 0.996, -0.000, -0.085
26.875, 0.337, 1.087, 0.255, 0.996, 0.000, -0.086
26.917, 0.348, 1.087, 0.255, 0.996, 0.000, -0.086
26.958, 0.359, 1.087, 0.254, 0.996, 0.000, -0.086
27.000, 0.370, 1.087, 0.253, 0.996, 0.000, -0.086
27.042, 0.381, 1.087, 0.252, 0.996, 0.000, -0.086
27.083, 0.392, 1.087, 0.251, 0.996, 0.000, -0.085
27.125, 0.403, 1.087, 0.250, 0.996, 0.000, -0.085
27.167, 0.415, 1.087, 0.249, 0.996, -0.000, -0.085
27.208, 0.426, 1.087, 0.248, 0.997, -0.000, -0.083
27.250, 0.437, 1.087, 0.247, 0.997, -0.000, -0.082
27.292, 0.449, 1.087, 0.246, 0.997, -0.000, -0.081
27.333, 0.460, 1.087, 0.245, 0.997, -0.000, -0.080
27.375, 0.472, 1.087, 0.244, 0.997, -0.000, -0.079
27.417, 0.483, 1.087, 0.243, 0.997, -0.000, -0.077
27.458, 0.495, 1.087, 0.242, 0.997, -0.000, -0.075
27.500, 0.507, 1.087, 0.241, 0.997, -0.000, -0.073
27.542, 0.518, 1.087, 0.240, 0.997, -0.000, -0.071
27.583, 0.530, 1.087, 0.240, 0.998, 0.000, -0.069
27.625, 0.542, 1.087, 0.239, 0.998, -0.000, -0.066
27.667, 0.553, 1.087, 0.238, 0.998, -0.000, -0.063
27.708, 0.565, 1.087, 0.237, 0.998, -0.000, -0.059
27.750, 0.577, 1.087, 0.237, 0.998, -0.000, -0.056
27.792, 0.589, 1.087, 0.236, 0.999, -0.000, -0.053
27.833, 0.601, 1.087, 0.235, 0.999, -0.000, -0.049
27.875, 0.613, 1.087, 0.235, 0.999, -0.000, -0.045
27.917, 0.625, 1.087, 0.234, 0.999, -0.000, -0.040
27.958, 0.637, 1.087, 0.234, 0.999, -0.000, -0.036
28.000, 0.649, 1.087, 0.233, 1.000, -0.000, -0.031
28.042, 0.661, 1.087, 0.233, 1.000, 0.000, -0.026
28.083, 0.673, 1.087, 0.233, 1.000, 0.000, -0.020
28.125, 0.685, 1.087, 0.233, 1.000, 0.000, -0.014
28.167, 0.698, 1.087, 0.232, 1.000, 0.000, -0.008
28.208, 0.710, 1.087, 0.232, 1.000, 0.000, -0.003
28.250, 0.722, 1.087, 0.232, 1.000, 0.000, 0.004
28.292, 0.734, 1.087, 0.232, 1.000, 0.000, 0.012
28.333, 0.747, 1.087, 0.233, 1.000, 0.000, 0.019
28.375, 0.759, 1.087, 0.233, 1.000, 0.000, 0.026
28.417, 0.771, 1.087, 0.233, 0.999, 0.000, 0.034
28.458, 0.784, 1.087, 0.234, 0.999, 0.000, 0.042
28.500, 0.796, 1.087, 0.234, 0.999, 0.000, 0.051
28.542, 0.808, 1.087, 0.235, 0.998, 0.000, 0.060
28.583, 0.821, 1.087, 0.236, 0.998, 0.000, 0.069
28.625, 0.833, 1.087, 0.236, 0.997, 0.000, 0.078
28.667, 0.846, 1.087, 0.237, 0.996, 0.000, 0.089
28.708, 0.858, 1.087, 0.239, 0.995, 0.000, 0.099
28.750, 0.871, 1.087, 0.240, 0.994, 0.000, 0.110
28.792, 0.883, 1.087, 0.241, 0.993, 0.000, 0.121
28.833, 0.895, 1.087, 0.243, 0.991, 0.000, 0.131
28.875, 0.908, 1.087, 0.245, 0.990, 0.000, 0.143
28.917, 0.920, 1.087, 0.247, 0.988, 0.000, 0.155
28.958, 0.933, 1.087, 0.249, 0.986, 0.000, 0.168
29.000, 0.945, 1.087, 0.251, 0.984, 0.000, 0.180
29.042, 0.958, 1.087, 0.253, 0.981, 0.000, 0.192
29.083, 0.970, 1.087, 0.256, 0.979, 0.000, 0.205
29.125, 0.982, 1.087, 0.258, 0.976, 0.000, 0.219
29.167, 0.995, 1.087, 0.261, 0.973, 0.000, 0.232
29.208, 1.007, 1.087, 0.264, 0.969, 0.000, 0.245
29.250, 1.019, 1.087, 0.267, 0.966, 0.000, 0.259
29.292, 1.031, 1.087, 0.271, 0.962, 0.000, 0.273
29.333, 1.043, 1.087, 0.274, 0.958, 0.000, 0.287
29.375, 1.056, 1.087, 0.278, 0.954, 0.000, 0.301
29.417, 1.068, 1.087, 0.282, 0.949, 0.000, 0.315
29.458, 1.080, 1.087, 0.286, 0.944, 0.000, 0.329
29.500, 1.092, 1.087, 0.290, 0.939, 0.000, 0.343
29.542, 1.103, 1.087, 0.295, 0.934, 0.000, 0.357
29.583, 1.115, 1.087, 0.299, 0.929, 0.000, 0.371
29.625, 1.127, 1.087, 0.304, 0.923, 0.000, 0.385
29.667, 1.139, 1.087, 0.309, 0.917, 0.000, 0.399
29.708, 1.150, 1.087, 0.314, 0.911, 0.000, 0.412
29.750, 1.162, 1.087, 0.320, 0.905, 0.000, 0.425
29.792, 1.173, 1.087, 0.325, 0.899, 0.000, 0.438
29.833, 1.185, 1.087, 0.330, 0.892, 0.000, 0.451
29.875, 1.196, 1.087, 0.336, 0.886, 0.000, 0.464
29.917, 1.207, 1.087, 0.342, 0.880, 0.000, 0.475
29.958, 1.218, 1.087, 0.349, 0.873, 0.000, 0.487
30.000, 1.229, 1.087, 0.355, 0.867, 0.000, 0.499
30.042, 1.240, 1.087, 0.361, 0.860, 0.000, 0.511
30.083, 1.251, 1.087, 0.367, 0.853, 0.000, 0.522
30.125, 1.262, 1.087, 0.374, 0.847, 0.000, 0.532
30.167, 1.273, 1.087, 0.381, 0.840, 0.000, 0.542
30.208, 1.283, 1.087, 0.388, 0.834, 0.000, 0.552
30.250, 1.294, 1.087, 0.395, 0.827, 0.000, 0.562
30.292, 1.304, 1.087, 0.402, 0.820, 0.000, 0.572
30.333, 1.315, 1.087, 0.410, 0.814, 0.000, 0.581
30.375, 1.325, 1.087, 0.417, 0.808, 0.000, 0.589
30.417, 1.335, 1.087, 0.425, 0.802, 0.000, 0.598
30.458, 1.345, 1.087, 0.432, 0.796, 0.000, 0.606
30.500, 1.355, 1.087, 0.440, 0.789, 0.000, 0.614
30.542, 1.365, 1.087, 0.447, 0.783, 0.000, 0.622
30.583, 1.375, 1.087, 0.455, 0.777, 0.000, 0.629
30.625, 1.384, 1.087, 0.464, 0.772, 0.000, 0.636
30.667, 1.394, 1.087, 0.472, 0.767, 0.000, 0.642
30.708, 1.403, 1.087, 0.480, 0.761, 0.000, 0.649
30.750, 1.413, 1.087, 0.488, 0.756, 0.000, 0.655
30.792, 1.422, 1.087, 0.496, 0.750, 0.000, 0.661
30.833, 1.432, 1.087, 0.504, 0.745, 0.000, 0.667
30.875, 1.441, 1.087, 0.513, 0.740, 0.000, 0.673
30.917, 1.450, 1.087, 0.521, 0.735, 0.000, 0.678
30.958, 1.459, 1.087, 0.530, 0.731, 0.000, 0.683
31.000, 1.468, 1.087, 0.538, 0.726, 0.000, 0.688
31.042, 1.477, 1.087, 0.546, 0.721, 0.000, 0.692
31.083, 1.486, 1.087, 0.555, 0.717, 0.000, 0.697
31.125, 1.495, 1.087, 0.564, 0.713, 0.000, 0.702
31.167, 1.503, 1.087, 0.572, 0.709, 0.000, 0.705
31.208, 1.512, 1.087, 0.581, 0.705, 0.000, 0.709
31.250, 1.520, 1.087, 0.590, 0.701, 0.000, 0.713
31.292, 1.529, 1.087, 0.599, 0.697, 0.000, 0.717
31.333, 1.537, 1.087, 0.607, 0.694, 0.000, 0.720
31.375, 1.546, 1.087, 0.616, 0.690, 0.000, 0.724
31.417, 1.554, 1.087, 0.625, 0.686, 0.000, 0.727
31.458, 1.562, 1.087, 0.634, 0.683, 0.000, 0.730
31.500, 1.570, 1.087, 0.642, 0.680, 0.000, 0.733
31.542, 1.579, 1.087, 0.651, 0.677, 0.000, 0.736
31.583, 1.587, 1.087, 0.660, 0.674, 0.000, 0.738
31.625, 1.595, 1.087, 0.669, 0.672, 0.000, 0.741
31.667, 1.603, 1.087, 0.678, 0.669, 0.000, 0.744
31.708, 1.611, 1.087, 0.687, 0.666, 0.000, 0.746
31.750, 1.619, 1.087, 0.695, 0.663, -0.000, 0.749
31.792, 1.626, 1.087, 0.704, 0.661, -0.000, 0.751
31.833, 1.634, 1.087, 0.713, 0.659, -0.000, 0.753
31.875, 1.642, 1.087, 0.722, 0.656, -0.000, 0.754
31.917, 1.649, 1.087, 0.731, 0.654, -0.000, 0.756
31.958, 1.657, 1.087, 0.740, 0.652, -0.000, 0.758
32.000, 1.665, 1.087, 0.749, 0.650, -0.000, 0.760
32.042, 1.672, 1.087, 0.758, 0.648, -0.000, 0.762
32.083, 1.680, 1.087, 0.766, 0.645, -0.000, 0.764
32.125, 1.687, 1.087, 0.775, 0.644, -0.000, 0.765
32.167, 1.694, 1.087, 0.784, 0.642, -0.000, 0.767
32.208, 1.702, 1.087, 0.793, 0.641, -0.000, 0.768
32.250, 1.709, 1.087, 0.802, 0.639, -0.000, 0.769
32.292, 1.716, 1.087, 0.810, 0.638, -0.000, 0.770
32.333, 1.723, 1.087, 0.819, 0.636, -0.000, 0.772
32.375, 1.731, 1.087, 0.828, 0.635, -0.000, 0.773
32.417, 1.738, 1.087, 0.836, 0.633, -0.000, 0.774
32.458, 1.745, 1.087, 0.845, 0.632, -0.000, 0.775
32.500, 1.752, 1.087, 0.853, 0.630, 0.000, 0.777
32.542, 1.759, 1.087, 0.862, 0.629, -0.000, 0.777
32.583, 1.766, 1.087, 0.871, 0.628, -0.000, 0.778
32.625, 1.772, 1.087, 0.879, 0.627, -0.000, 0.779
32.667, 1.779, 1.087, 0.888, 0.626, -0.000, 0.780
32.708, 1.786, 1.087, 0.896, 0.625, -0.000, 0.780
32.750, 1.793, 1.087, 0.905, 0.624, -0.000, 0.781
32.792, 1.799, 1.087, 0.913, 0.623, -0.000, 0.782
32.833, 1.806, 1.087, 0.921, 0.622, -0.000, 0.783
32.875, 1.813, 1.087, 0.930, 0.622, -0.000, 0.783
32.917, 1.819, 1.087, 0.938, 0.621, -0.000, 0.784
32.958, 1.826, 1.087, 0.946, 0.620, -0.000, 0.785
33.000, 1.832, 1.087, 0.955, 0.619, -0.000, 0.785
33.042, 1.839, 1.087, 0.963, 0.619, -0.000, 0.785
33.083, 1.845, 1.087, 0.971, 0.618, -0.000, 0.786
33.125, 1.851, 1.087, 0.979, 0.618, -0.000, 0.786
33.167, 1.858, 1.087, 0.987, 0.617, -0.000, 0.787
33.208, 1.864, 1.087, 0.995, 0.617, -0.000, 0.787
33.250, 1.870, 1.087, 1.003, 0.617, -0.000, 0.787
33.292, 1.876, 1.087, 1.011, 0.616, -0.000, 0.788
33.333, 1.883, 1.087, 1.019, 0.616, -0.000, 0.788
33.375, 1.889, 1.087, 1.027, 0.615, -0.000, 0.788
33.417, 1.895, 1.087, 1.034, 0.615, 0.000, 0.789
33.458, 1.901, 1.087, 1.042, 0.614, 0.000, 0.789
33.500, 1.907, 1.087, 1.050, 0.614, 0.000, 0.789
33.542, 1.913, 1.087, 1.058, 0.614, 0.000, 0.789
33.583, 1.919, 1.087, 1.065, 0.614, 0.000, 0.789
33.625, 1.924, 1.087, 1.073, 0.614, 0.000, 0.789
33.667, 1.930, 1.087, 1.080, 0.614, 0.000, 0.789
33.708, 1.936, 1.087, 1.088, 0.614, 0.000, 0.790
33.750, 1.942, 1.087, 1.095, 0.614, 0.000, 0.790
33.792, 1.947, 1.087, 1.102, 0.613, 0.000, 0.790
33.833, 1.953, 1.087, 1.109, 0.613, 0.000, 0.790
33.875, 1.959, 1.087, 1.117, 0.613, 0.000, 0.790
33.917, 1.964, 1.087, 1.124, 0.613, 0.000, 0.790
33.958, 1.970, 1.087, 1.131, 0.613, 0.000, 0.790
34.000, 1.975, 1.087, 1.138, 0.613, 0.000, 0.790
34.042, 1.981, 1.087, 1.145, 0.613, 0.000, 0.790
34.083, 1.986, 1.087, 1.152, 0.613, 0.000, 0.790
34.125, 1.991, 1.087, 1.159, 0.613, 0.000, 0.790
34.167, 1.996, 1.087, 1.165, 0.614, 0.000, 0.790
34.208, 2.002, 1.087, 1.172, 0.614, 0.000, 0.790
34.250, 2.007, 1.087, 1.179, 0.614, 0.000, 0.789
34.292, 2.012, 1.087, 1.185, 0.614, 0.000, 0.789
34.333, 2.017, 1.087, 1.192, 0.614, 0.000, 0.789
34.375, 2.022, 1.087, 1.198, 0.614, 0.000, 0.789
34.417, 2.027, 1.087, 1.205, 0.614, 0.000, 0.789
34.458, 2.032, 1.087, 1.211, 0.615, 0.000, 0.789
34.500, 2.037, 1.087, 1.217, 0.615, 0.000, 0.789
34.542, 2.042, 1.087, 1.224, 0.615, 0.000, 0.789
34.583, 2.046, 1.087, 1.230, 0.615, 0.000, 0.789
34.625, 2.051, 1.087, 1.236, 0.615, 0.000, 0.788
34.667, 2.056, 1.087, 1.242, 0.615, 0.000, 0.788
34.708, 2.060, 1.087, 1.248, 0.616, -0.000, 0.788
34.750, 2.065, 1.087, 1.254, 0.616, -0.000, 0.788
34.792, 2.070, 1.087, 1.259, 0.616, -0.000, 0.788
34.833, 2.074, 1.087, 1.265, 0.617, -0.000, 0.787
34.875, 2.079, 1.087, 1.271, 0.617, -0.000, 0.787
34.917, 2.083, 1.087, 1.276, 0.617, -0.000, 0.787
34.958, 2.087, 1.087, 1.282, 0.618, -0.000, 0.787
35.000, 2.091, 1.087, 1.287, 0.618, -0.000, 0.786
35.042, 2.096, 1.087, 1.293, 0.618, -0.000, 0.786
35.083, 2.100, 1.087, 1.298, 0.618, -0.000, 0.786
35.125, 2.104, 1.087, 1.303, 0.619, -0.000, 0.786
35.167, 2.108, 1.087, 1.308, 0.619, -0.000, 0.785
35.208, 2.112, 1.087, 1.313, 0.619, -0.000, 0.785
35.250, 2.116, 1.087, 1.318, 0.619, -0.000, 0.785
35.292, 2.120, 1.087, 1.323, 0.620, -0.000, 0.785
35.333, 2.123, 1.087, 1.328, 0.620, -0.000, 0.785
35.375, 2.127, 1.087, 1.333, 0.620, -0.000, 0.784
35.417, 2.131, 1.087, 1.337, 0.621, -0.000, 0.784
35.458, 2.134, 1.087, 1.342, 0.621, 0.000, 0.784
35.500, 2.138, 1.087, 1.347, 0.621, 0.000, 0.784
35.542, 2.141, 1.087, 1.351, 0.621, -0.000, 0.784
35.583, 2.145, 1.087, 1.355, 0.622, -0.000, 0.783
35.625, 2.148, 1.087, 1.360, 0.622, -0.000, 0.783
35.667, 2.152, 1.087, 1.364, 0.622, -0.000, 0.783
35.708, 2.155, 1.087, 1.368, 0.623, -0.000, 0.782
35.750, 2.158, 1.087, 1.372, 0.623, -0.000, 0.782
35.792, 2.161, 1.087, 1.376, 0.623, -0.000, 0.782
35.833, 2.164, 1.087, 1.380, 0.624, -0.000, 0.782
35.875, 2.167, 1.087, 1.383, 0.624, -0.000, 0.782
35.917, 2.170, 1.087, 1.387, 0.624, -0.000, 0.781
35.958, 2.173, 1.087, 1.391, 0.624, -0.000, 0.781
36.000, 2.176, 1.087, 1.394, 0.625, -0.000, 0.781
36.042, 2.179, 1.087, 1.397, 0.625, -0.000, 0.781
36.083, 2.181, 1.087, 1.401, 0.625, -0.000, 0.780
36.125, 2.184, 1.087, 1.404, 0.626, -0.000, 0.780
36.167, 2.186, 1.087, 1.407, 0.626, -0.000, 0.780
36.208, 2.189, 1.087, 1.410, 0.626, -0.000, 0.780
36.250, 2.191, 1.087, 1.413, 0.626, -0.000, 0.780
36.292, 2.194, 1.087, 1.416, 0.626, -0.000, 0.779
36.333, 2.196, 1.087, 1.419, 0.627, -0.000, 0.779
36.375, 2.198, 1.087, 1.422, 0.627, -0.000, 0.779
36.417, 2.200, 1.087, 1.424, 0.627, -0.000, 0.779
36.458, 2.202, 1.087, 1.427, 0.627, -0.000, 0.779
36.500, 2.204, 1.087, 1.429, 0.627, -0.000, 0.779
36.542, 2.206, 1.087, 1.432, 0.628, -0.000, 0.779
36.583, 2.208, 1.087, 1.434, 0.628, -0.000, 0.778
36.625, 2.209, 1.087, 1.436, 0.628, -0.000, 0.778
36.667, 2.211, 1.087, 1.438, 0.628, -0.000, 0.778
36.708, 2.213, 1.087, 1.440, 0.628, -0.000, 0.778
36.750, 2.214, 1.087, 1.442, 0.628, -0.000, 0.778
36.792, 2.216, 1.087, 1.444, 0.629, -0.000, 0.778
36.833, 2.217, 1.087, 1.445, 0.629, -0.000, 0.778
36.875, 2.218, 1.087, 1.447, 0.629, -0.000, 0.778
36.917, 2.219, 1.087, 1.448, 0.629, -0.000, 0.777
36.958, 2.220, 1.087, 1.450, 0.629, -0.000, 0.777
37.000, 2.221, 1.087, 1.451, 0.629, -0.000, 0.777
37.042, 2.222, 1.087, 1.452, 0.629, -0.000, 0.777
37.083, 2.223, 1.087, 1.453, 0.629, -0.000, 0.777
37.125, 2.224, 1.087, 1.454, 0.629, -0.000, 0.777
37.167, 2.225, 1.087, 1.455, 0.629, -0.000, 0.777
37.208, 2.225, 1.087, 1.456, 0.630, 0.000, 0.777
37.250, 2.226, 1.087, 1.457, 0.630, 0.000, 0.777
37.292, 2.226, 1.087, 1.457, 0.630, 0.000, 0.777
37.333, 2.227, 1.087, 1.458, 0.630, 0.000, 0.777
37.375, 2.227, 1.087, 1.458, 0.630, 0.000, 0.777
37.417, 2.227, 1.087, 1.458, 0.630, 0.000, 0.777
37.458, 2.227, 1.087, 1.458, 0.630, 0.000, 0.777
37.500, 2.227, 1.087, 1.458, 0.630, 0.000, 0.777
